Dates,Portolfio,Benchmark ,,,
5/22/2020,100,99.73289136,,,
5/23/2020,99.06,98.07516222,,,
5/24/2020,97.89,95.9558046,,,
5/25/2020,96.63,94.19466726,,,
5/26/2020,97.13,96.38149901,,,
5/27/2020,97.45,98.36685812,,,
5/28/2020,98.08,99.18138212,,,
5/29/2020,98.61,100.0066287,,,
5/30/2020,99.06,99.87096988,,,
5/31/2020,100.65,99.08927817,,,
6/1/2020,99.92,97.91453775,,,
6/2/2020,101.47,99.20773525,,,
6/3/2020,100.61,98.94826098,,,
6/4/2020,101.71,100.2021024,,,
6/5/2020,101.31,99.17801663,,,
6/6/2020,101.58,98.81487671,,,
6/7/2020,101.85,98.09406029,,,
6/8/2020,101.85,98.75355423,,,
6/9/2020,102.34,96.08549329,,,
6/10/2020,102.19,97.10040384,,,
6/11/2020,102.57,97.50237411,,,
6/12/2020,100,95.33358523,,,
6/13/2020,98.45,94.6131736,,,
6/14/2020,97.02,94.44669891,,,
6/15/2020,96.57,95.61727106,,,
6/16/2020,96.67,94.34722584,,,
6/17/2020,97.69,95.67793879,,,
6/18/2020,97.66,95.66859687,,,
6/19/2020,94.48,92.46976083,,,
6/20/2020,91.3,90.85580178,,,
6/21/2020,87.94,88.8244527,,,
6/22/2020,87.77,88.6181561,,,
6/23/2020,88.72,89.17152713,,,
6/24/2020,88.81,87.07750853,,,
6/25/2020,90.96,88.69819247,,,
6/26/2020,88.62,85.88534373,,,
6/27/2020,85.02,81.5494218,,,
6/28/2020,80.68,75.93450417,,,
6/29/2020,80.99,76.53698472,,,
6/30/2020,81.18,75.17854395,,,
7/1/2020,64.58,57.70582624,,,
7/2/2020,65.29,59.50752857,,,
7/3/2020,65.26,60.31995945,,,
7/4/2020,65.24,61.25136532,,,
7/5/2020,65.53,59.65713939,,,
7/6/2020,65.39,60.1628508,,,
7/7/2020,65.25,61.17331722,,,
7/8/2020,64.76,61.05237507,,,
7/9/2020,66.04,63.604154,,,
7/10/2020,65.97,63.58895992,,,
7/11/2020,66.01,61.85642841,,,
7/12/2020,66.27,62.76985225,,,
7/13/2020,66.62,62.47835394,,,
7/14/2020,65.8,61.89907629,,,
7/15/2020,65.61,61.25379365,,,
7/16/2020,65.25,61.244329,,,
7/17/2020,64.6,58.29878228,,,
7/18/2020,63.73,58.50424901,,,
7/19/2020,62.96,57.11017976,,,
7/20/2020,63.35,57.01326426,,,
7/21/2020,63.45,57.39702849,,,
7/22/2020,64.11,58.65197694,,,
7/23/2020,64.35,59.41429812,,,
7/24/2020,64.13,60.33550888,,,
7/25/2020,63.61,61.02194253,,,
7/26/2020,63.09,61.66779129,,,
7/27/2020,63.12,61.45848387,,,
7/28/2020,64.11,61.71221062,,,
7/29/2020,64.37,62.2433016,,,
7/30/2020,64.99,63.54184826,,,
7/31/2020,73.77,71.93386334,,,
8/1/2020,83.61,80.96241256,,,
8/2/2020,95,91.35108669,,,
8/3/2020,93.61,89.43375828,,,
8/4/2020,94.67,89.49197435,,,
8/5/2020,95.34,89.24089912,,,
8/6/2020,96.31,90.70212773,,,
8/7/2020,96.27,90.06941214,,,
8/8/2020,95.81,88.76959072,,,
8/9/2020,95.85,88.10162251,,,
8/10/2020,95.48,88.82700474,,,
8/11/2020,96.54,90.46485859,,,
8/12/2020,95.08,88.27507658,,,
8/13/2020,95.53,89.54713068,,,
8/14/2020,95.98,90.23679624,,,
8/15/2020,96.36,92.65010496,,,
8/16/2020,97.04,93.52808669,,,
8/17/2020,97.71,93.91426625,,,
8/18/2020,98.71,94.60119755,,,
8/19/2020,97.94,92.82238583,,,
8/20/2020,96.83,91.51417199,,,
8/21/2020,97.73,93.84674757,,,
8/22/2020,97.23,92.97254367,,,
8/23/2020,97.3,92.95094406,,,
8/24/2020,97.05,92.32946253,,,
8/25/2020,98.45,94.43763223,,,
8/26/2020,97.4,92.63651252,,,
8/27/2020,98.03,93.94780081,,,
8/28/2020,98.23,94.73044222,,,
8/29/2020,99.58,94.19904267,,,
8/30/2020,101.12,95.42915144,,,
8/31/2020,101.97,96.7179053,,,
9/1/2020,101.03,96.18949725,,,
9/2/2020,102.74,95.61681572,,,
9/3/2020,101.89,95.99622035,,,
9/4/2020,96.97,91.25965854,,,
9/5/2020,91.99,86.38226241,,,
9/6/2020,85.52,81.89962364,,,
9/7/2020,87.1,83.27758767,,,
9/8/2020,87.11,83.18569094,,,
9/9/2020,85.96,81.66600441,,,
9/10/2020,86.58,82.20878772,,,
9/11/2020,86.75,80.47006128,,,
9/12/2020,87.37,79.81943477,,,
9/13/2020,89.32,80.86029007,,,
9/14/2020,89.67,80.9428574,,,
9/15/2020,90.42,82.54062094,,,
9/16/2020,88.28,80.00331317,,,
9/17/2020,88.7,80.07908749,,,
9/18/2020,88.28,78.40725801,,,
9/19/2020,87.32,78.08799079,,,
9/20/2020,86.24,77.63387325,,,
9/21/2020,85.56,76.55462056,,,
9/22/2020,82.8,74.91042985,,,
9/23/2020,83.69,75.11099099,,,
9/24/2020,81.73,73.74819519,,,
9/25/2020,83.87,75.61525032,,,
9/26/2020,87.24,78.04885912,,,
9/27/2020,91.18,81.61057531,,,
9/28/2020,95.12,84.61522961,,,
9/29/2020,99.06,87.83881337,,,
9/30/2020,99.72,87.91864559,,,
10/1/2020,100.33,89.692893,,,
10/2/2020,99.89,88.08551924,,,
10/3/2020,98.6,87.18837877,,,
10/4/2020,97.58,87.02241475,,,
10/5/2020,98.24,88.93309164,,,
10/6/2020,98.76,88.36256498,,,
10/7/2020,96.9,87.23845332,,,
10/8/2020,95.04,86.35938266,,,
10/9/2020,96.14,87.0591334,,,
10/10/2020,98.37,88.99562305,,,
10/11/2020,100.6,91.09172425,,,
10/12/2020,100.91,91.35525448,,,
10/13/2020,97.3,87.87805881,,,
10/14/2020,95.43,85.93805511,,,
10/15/2020,96.06,86.90318603,,,
10/16/2020,95.79,88.11983448,,,
10/17/2020,94.43,86.15175124,,,
10/18/2020,93.15,84.91224752,,,
10/19/2020,93.58,85.50052383,,,
10/20/2020,93.14,84.61441259,,,
10/21/2020,93.24,86.24228383,,,
10/22/2020,95.6,87.14439408,,,
10/23/2020,95.99,87.67278389,,,
10/24/2020,96.41,88.50506244,,,
10/25/2020,97.22,90.23499695,,,
10/26/2020,96.76,90.42955012,,,
10/27/2020,96.04,89.68594617,,,
10/28/2020,97.01,90.58725509,,,
10/29/2020,93.02,86.14235284,,,
10/30/2020,93.54,87.07292636,,,
10/31/2020,92.27,85.84375759,,,
11/1/2020,91.28,86.8896286,,,
11/2/2020,90.29,85.72498806,,,
11/3/2020,90.83,84.07104156,,,
11/4/2020,93.94,86.35612023,,,
11/5/2020,98.85,89.67314733,,,
11/6/2020,105.13,96.34791712,,,
11/7/2020,112.7,103.4066708,,,
11/8/2020,118.76,110.8053247,,,
11/9/2020,121.02,113.1968008,,,
11/10/2020,117.87,112.0881134,,,
11/11/2020,114.61,109.9055021,,,
11/12/2020,117.09,111.8917557,,,
11/13/2020,116.66,111.9937481,,,
11/14/2020,118.68,113.8866355,,,
11/15/2020,120.23,114.7007327,,,
11/16/2020,120.93,115.0808149,,,
11/17/2020,123.11,118.8609347,,,
11/18/2020,123.38,120.8563197,,,
11/19/2020,121.37,119.475516,,,
11/20/2020,121.78,119.9858676,,,
11/21/2020,122.68,121.0728409,,,
11/22/2020,124.65,124.9902413,,,
11/23/2020,125,125.427305,,,
11/24/2020,125.79,128.7710649,,,
11/25/2020,130.01,133.9406623,,,
11/26/2020,128.92,133.3254434,,,
11/27/2020,125.46,131.5621683,,,
11/28/2020,123.21,128.8188135,,,
11/29/2020,122.09,127.072132,,,
11/30/2020,123.33,128.5797068,,,
12/1/2020,124.85,129.8451525,,,
12/2/2020,125.24,132.0748777,,,
12/3/2020,127.15,131.997871,,,
12/4/2020,128.38,133.4950565,,,
12/5/2020,127.9,133.8106606,,,
12/6/2020,128.42,135.6061877,,,
12/7/2020,128.74,136.4301724,,,
12/8/2020,126.58,133.1739873,,,
12/9/2020,125.41,132.2718278,,,
12/10/2020,121.04,127.7123184,,,
12/11/2020,121.21,125.9340487,,,
12/12/2020,120.22,126.5411242,,,
12/13/2020,120.41,127.3094694,,,
12/14/2020,121.84,128.8184925,,,
12/15/2020,122.44,130.0082951,,,
12/16/2020,126.23,135.1729298,,,
12/17/2020,130.23,138.5935932,,,
12/18/2020,132.13,139.3837443,,,
12/19/2020,134.67,140.1975767,,,
12/20/2020,138.67,145.4821306,,,
12/21/2020,138.56,145.0046555,,,
12/22/2020,136.32,141.8097465,,,
12/23/2020,137.03,142.1774554,,,
12/24/2020,134.79,140.0079088,,,
12/25/2020,134.79,140.5973741,,,
12/26/2020,136,141.5008764,,,
12/27/2020,138.19,142.320313,,,
12/28/2020,138.56,142.5557214,,,
12/29/2020,141.25,145.9918709,,,
12/30/2020,141.5,148.4383903,,,
12/31/2020,144.56,153.1048274,,,
1/1/2021,147.62,157.3323715,,,
1/2/2021,150.42,159.397574,,,
1/3/2021,155.01,163.7529081,,,
1/4/2021,157.34,164.6202317,,,
1/5/2021,155.88,162.7626689,,,
1/6/2021,158.55,167.8867223,,,
1/7/2021,159.53,169.2457721,,,
1/8/2021,162.37,171.6740535,,,
1/9/2021,165.21,175.0446427,,,
1/10/2021,171.77,181.9068352,,,
1/11/2021,171.47,181.9541299,,,
1/12/2021,166.37,178.1446342,,,
1/13/2021,167.71,179.5186543,,,
1/14/2021,169.66,180.7511545,,,
1/15/2021,172.18,182.3670619,,,
1/16/2021,171.56,181.3475264,,,
1/17/2021,170.58,180.9956225,,,
1/18/2021,170.07,181.0133555,,,
1/19/2021,171.5,182.4483755,,,
1/20/2021,172.74,183.6119843,,,
1/21/2021,174.94,187.1965184,,,
1/22/2021,171.4,183.4550644,,,
1/23/2021,168.64,181.6743281,,,
1/24/2021,165.5,179.4807283,,,
1/25/2021,165.81,179.7667733,,,
1/26/2021,165.65,181.3115596,,,
1/27/2021,164.94,180.73166,,,
1/28/2021,161.79,178.2370572,,,
1/29/2021,164.59,180.4787883,,,
1/30/2021,165.72,182.4120625,,,
1/31/2021,166.8,185.0232948,,,
2/1/2021,166.36,186.9854129,,,
2/2/2021,168.22,187.9612614,,,
2/3/2021,170.24,188.6919135,,,
2/4/2021,172.32,189.2014966,,,
2/5/2021,171.33,186.8948096,,,
2/6/2021,172.2,188.7983562,,,
2/7/2021,173.07,190.256205,,,
2/8/2021,173.94,190.3229783,,,
2/9/2021,179.68,196.1877627,,,
2/10/2021,181.5,197.7326205,,,
2/11/2021,181.25,198.3697396,,,
2/12/2021,183.29,201.8368245,,,
2/13/2021,186,205.7339356,,,
2/14/2021,190.66,209.9962209,,,
2/15/2021,190.28,209.3661547,,,
2/16/2021,189.67,209.441514,,,
2/17/2021,191,211.1766646,,,
2/18/2021,191.89,212.0070566,,,
2/19/2021,189.66,209.0216068,,,
2/20/2021,193.74,212.50675,,,
2/21/2021,197.06,214.1806308,,,
2/22/2021,197.87,214.9735502,,,
2/23/2021,195.53,212.9205205,,,
2/24/2021,193.19,209.8947654,,,
2/25/2021,192.99,208.5687578,,,
2/26/2021,188.49,204.0335355,,,
2/27/2021,183.99,198.6481202,,,
2/28/2021,177.34,191.3569037,,,
3/1/2021,176.32,189.6801896,,,
3/2/2021,181.14,195.1946591,,,
3/3/2021,181,194.6566804,,,
3/4/2021,179.76,192.7640358,,,
3/5/2021,175.5,188.6049125,,,
3/6/2021,171.24,184.2514106,,,
3/7/2021,167.33,181.2896162,,,
3/8/2021,169.19,182.380308,,,
3/9/2021,166.43,178.8347997,,,
3/10/2021,174.23,186.8157795,,,
3/11/2021,172.98,186.320683,,,
3/12/2021,175.93,190.5344432,,,
3/13/2021,177.93,192.3284591,,,
3/14/2021,182.32,196.2012788,,,
3/15/2021,180.54,192.5207872,,,
3/16/2021,179.36,191.8999474,,,
3/17/2021,179.71,192.6511862,,,
3/18/2021,182.45,197.7311914,,,
3/19/2021,179.58,195.2335965,,,
3/20/2021,176.99,193.7826027,,,
3/21/2021,174.51,191.7413573,,,
3/22/2021,173.84,192.3472497,,,
3/23/2021,172.13,188.315444,,,
3/24/2021,170.8,186.5514361,,,
3/25/2021,166.32,181.2311328,,,
3/26/2021,162.25,175.4143259,,,
3/27/2021,162.08,174.7249934,,,
3/28/2021,162.48,175.7928212,,,
3/29/2021,162.53,175.1121235,,,
3/30/2021,163.37,176.8749088,,,
3/31/2021,165.79,180.2262961,,,
4/1/2021,166.84,181.5606679,,,
4/2/2021,168.73,183.1208895,,,
4/3/2021,171.51,184.528532,,,
4/4/2021,172.12,184.8734909,,,
4/5/2021,174.07,186.1165109,,,
4/6/2021,177.14,189.3310521,,,
4/7/2021,179.04,190.2847313,,,
4/8/2021,176.06,188.5050923,,,
4/9/2021,179.33,192.0443767,,,
4/10/2021,182.66,195.2731963,,,
4/11/2021,188.84,201.164739,,,
4/12/2021,189.88,203.7278801,,,
4/13/2021,190,201.9151384,,,
4/14/2021,192.74,205.4821976,,,
4/15/2021,192.63,206.5779055,,,
4/16/2021,193.45,207.7367026,,,
4/17/2021,195.24,211.2854531,,,
4/18/2021,196.09,212.4408554,,,
4/19/2021,192.43,207.2870596,,,
4/20/2021,191.24,205.0332548,,,
4/21/2021,192.38,205.2377947,,,
4/22/2021,191.6,204.2455092,,,
4/23/2021,189.21,201.378947,,,
4/24/2021,187.84,199.9267385,,,
4/25/2021,186.47,197.4648113,,,
4/26/2021,185.1,197.3865401,,,
4/27/2021,188.61,200.4179879,,,
4/28/2021,190.31,201.9310814,,,
4/29/2021,190.09,201.3605328,,,
4/30/2021,189.48,200.5114626,,,
5/1/2021,191.07,201.585786,,,
5/2/2021,193.04,202.464146,,,
5/3/2021,192.55,201.6910519,,,
5/4/2021,194.28,203.9565733,,,
5/5/2021,190.26,200.8614483,,,
5/6/2021,194.27,204.408923,,,
5/7/2021,194.65,204.5403457,,,
5/8/2021,195.28,206.5054073,,,
5/9/2021,196.88,207.8683144,,,
5/10/2021,197.22,207.8812668,,,
5/11/2021,193.4,203.5674232,,,
5/12/2021,195.91,206.3560231,,,
5/13/2021,188.5,197.6995184,,,
5/14/2021,189.14,198.7368157,,,
5/15/2021,195.33,203.3693019,,,
5/16/2021,201.52,210.141974,,,
5/17/2021,201.6,209.7619381,,,
5/18/2021,198.94,207.8276949,,,
5/19/2021,197.98,205.4871442,,,
5/20/2021,186.78,193.7154004,,,
5/21/2021,191.99,199.565583,,,
5/22/2021,197.2,205.894493,,,
5/23/2021,196.55,205.7768623,,,
5/24/2021,193.57,202.7882961,,,
5/25/2021,200.11,208.8182107,,,
5/26/2021,200.86,208.2907186,,,
5/27/2021,204.02,211.4999696,,,
5/28/2021,203.18,212.0396618,,,
5/29/2021,199.14,206.3834734,,,
5/30/2021,193.38,201.4730314,,,
5/31/2021,194.8,201.1448044,,,
6/1/2021,197.36,202.1315477,,,
6/2/2021,197.6,202.9418782,,,
6/3/2021,199.67,206.2936956,,,
6/4/2021,199.55,207.8745222,,,
6/5/2021,197.46,205.5088536,,,
6/6/2021,194.47,202.9777145,,,
6/7/2021,194.86,201.8070474,,,
6/8/2021,192.24,198.3564409,,,
6/9/2021,191.81,197.1727208,,,
6/10/2021,194.21,199.2456608,,,
6/11/2021,193.03,199.573306,,,
6/12/2021,190.83,198.2184829,,,
6/13/2021,187.8,195.7721759,,,
6/14/2021,190.38,198.7507464,,,
6/15/2021,191.15,199.4077896,,,
6/16/2021,189.96,197.9344139,,,
6/17/2021,187.39,195.5706211,,,
6/18/2021,186.45,195.1359337,,,
6/19/2021,182.76,190.5195307,,,
6/20/2021,178.53,186.5597165,,,
6/21/2021,179.05,188.5009549,,,
6/22/2021,174.17,183.2126492,,,
6/23/2021,174.65,184.1987219,,,
6/24/2021,176.46,186.5218873,,,
6/25/2021,177.58,188.1732977,,,
6/26/2021,177.11,187.9892597,,,
6/27/2021,176.98,186.3213753,,,
6/28/2021,178.33,184.6195531,,,
6/29/2021,178.36,185.756975,,,
6/30/2021,179.67,188.5134157,,,
7/1/2021,179.71,187.6914572,,,
7/2/2021,178.39,186.5506163,,,
7/3/2021,177.14,184.8429998,,,
7/4/2021,176.52,184.9418931,,,
7/5/2021,177.08,185.2236978,,,
7/6/2021,176.06,185.1554172,,,
7/7/2021,176.03,183.8686761,,,
7/8/2021,175.62,184.703007,,,
7/9/2021,173.68,185.4549827,,,
7/10/2021,173.27,184.4277759,,,
7/11/2021,172.55,185.0029629,,,
7/12/2021,172.99,184.6104576,,,
7/13/2021,172.2,184.5282638,,,
7/14/2021,171.63,186.0023401,,,
7/15/2021,171.7,185.6146418,,,
7/16/2021,171.77,186.2698173,,,
7/17/2021,169.28,184.007028,,,
7/18/2021,166.82,182.0568158,,,
7/19/2021,167.01,183.7634891,,,
7/20/2021,165.26,183.2287981,,,
7/21/2021,164.86,182.1638653,,,
7/22/2021,167.68,186.3760066,,,
7/23/2021,167.89,186.4521286,,,
7/24/2021,168.4,185.1154214,,,
7/25/2021,169.34,185.2468519,,,
7/26/2021,169.7,186.9373332,,,
7/27/2021,170.03,188.3271697,,,
7/28/2021,170.69,186.8626582,,,
7/29/2021,171.8,187.157944,,,
7/30/2021,172.36,188.8883667,,,
7/31/2021,173.15,189.9353341,,,
8/1/2021,174.14,189.8866452,,,
8/2/2021,173.42,187.6325626,,,
8/3/2021,173.57,188.7689014,,,
8/4/2021,173.19,188.3681677,,,
8/5/2021,174.33,187.9115383,,,
8/6/2021,175.47,188.470709,,,
8/7/2021,176.13,189.4802165,,,
8/8/2021,178.19,189.7738616,,,
8/9/2021,176.4,188.7190969,,,
8/10/2021,178.71,191.4902724,,,
8/11/2021,178.59,190.2104825,,,
8/12/2021,179.53,193.135692,,,
8/13/2021,178.2,190.8473713,,,
8/14/2021,179.41,191.4658441,,,
8/15/2021,180.68,193.5839057,,,
8/16/2021,181.15,192.9822161,,,
8/17/2021,179.32,191.4167347,,,
8/18/2021,177.1,191.0907347,,,
8/19/2021,177.41,191.4243813,,,
8/20/2021,178.04,192.7806398,,,
8/21/2021,180.35,194.5688684,,,
8/22/2021,182.17,194.90846,,,
8/23/2021,182.7,196.8264308,,,
8/24/2021,185.74,201.1475328,,,
8/25/2021,185.48,200.2061116,,,
8/26/2021,186.8,201.5902017,,,
8/27/2021,184.17,199.7382403,,,
8/28/2021,184.14,199.6295989,,,
8/29/2021,183.82,200.1709929,,,
8/30/2021,183.68,200.3389336,,,
8/31/2021,181.98,198.3772069,,,
9/1/2021,182.85,199.4771985,,,
9/2/2021,185.13,201.7274489,,,
9/3/2021,185.44,201.0912684,,,
9/4/2021,186.53,200.5904968,,,
9/5/2021,187.97,201.9577456,,,
9/6/2021,189.32,203.5124644,,,
9/7/2021,189.28,204.1082301,,,
9/8/2021,189.24,205.3309063,,,
9/9/2021,189.2,206.4726381,,,
9/10/2021,190.16,207.0159884,,,
9/11/2021,191.12,208.5793643,,,
9/12/2021,190.55,207.4017276,,,
9/13/2021,191.69,208.5924321,,,
9/14/2021,190.54,206.1589951,,,
9/15/2021,191.76,205.8275201,,,
9/16/2021,192.98,207.8879171,,,
9/17/2021,191.54,206.551077,,,
9/18/2021,189.46,204.6861065,,,
9/19/2021,187.87,203.8744581,,,
9/20/2021,187.03,202.5815589,,,
9/21/2021,186.19,202.4226814,,,
9/22/2021,184.75,202.2345431,,,
9/23/2021,188.87,205.1253575,,,
9/24/2021,189.82,205.5814934,,,
9/25/2021,188.67,204.8712813,,,
9/26/2021,187.3,204.0261374,,,
9/27/2021,187.33,203.8170009,,,
9/28/2021,186.52,203.9016149,,,
9/29/2021,184.52,202.182071,,,
9/30/2021,184.7,204.2785361,,,
10/1/2021,186.58,206.9017273,,,
10/2/2021,191.46,212.96808,,,
10/3/2021,196.5,218.4361091,,,
10/4/2021,197.25,220.0091208,,,
10/5/2021,195.93,218.5009344,,,
10/6/2021,197.64,220.8033208,,,
10/7/2021,198.69,223.3901127,,,
10/8/2021,198.75,221.4871009,,,
10/9/2021,198.68,222.5100888,,,
10/10/2021,199.43,224.6819089,,,
10/11/2021,200.18,224.5082665,,,
10/12/2021,200.18,223.3962719,,,
10/13/2021,200.18,222.7261144,,,
10/14/2021,200.18,224.4759553,,,
10/15/2021,200.82,223.7123703,,,
10/16/2021,200.82,222.969951,,,
10/17/2021,202.2,224.6897596,,,
10/18/2021,202.27,226.5965095,,,
10/19/2021,202.91,226.6882435,,,
10/20/2021,204.39,228.1898674,,,
10/21/2021,206.12,229.9079239,,,
10/22/2021,204.56,228.5297501,,,
10/23/2021,204.56,227.6390621,,,
10/24/2021,202.84,224.6404152,,,
10/25/2021,202.31,222.4175689,,,
10/26/2021,203.53,222.1845348,,,
10/27/2021,203.53,222.1273752,,,
10/28/2021,200.51,218.8148975,,,
10/29/2021,203.13,221.5294241,,,
10/30/2021,206.44,224.1350285,,,
10/31/2021,209.41,227.7654483,,,
11/1/2021,209.41,226.3473096,,,
11/2/2021,209.41,226.8738712,,,
11/3/2021,209.78,227.5705646,,,
11/4/2021,210.29,229.0465997,,,
11/5/2021,209.27,229.6462631,,,
11/6/2021,209.27,231.4732951,,,
11/7/2021,209.64,232.5545778,,,
11/8/2021,210.44,235.0954326,,,
11/9/2021,210.44,234.4330601,,,
11/10/2021,210.83,234.1803878,,,
11/11/2021,208.39,231.580862,,,
11/12/2021,209.29,233.5466796,,,
11/13/2021,209.91,233.8633701,,,
11/14/2021,211.21,234.4926414,,,
11/15/2021,211.73,234.9244165,,,
11/16/2021,210.47,232.6437877,,,
11/17/2021,209.21,230.4689702,,,
11/18/2021,208.41,229.7884532,,,
11/19/2021,208.41,228.473436,,,
11/20/2021,205.49,224.73355,,,
11/21/2021,203.95,223.0342977,,,
11/22/2021,203.42,223.1229372,,,
11/23/2021,200.2,218.5583725,,,
11/24/2021,200.2,220.0161177,,,
11/25/2021,200.37,220.2639012,,,
11/26/2021,202.7,222.6791914,,,
11/27/2021,199.38,219.0516733,,,
11/28/2021,196.63,216.7253874,,,
11/29/2021,196.63,217.3334353,,,
11/30/2021,197.37,218.0118931,,,
12/1/2021,196.35,217.7058109,,,
12/2/2021,194.89,216.1799619,,,
12/3/2021,194.98,215.8050814,,,
12/4/2021,194.98,215.2505315,,,
12/5/2021,186.43,206.4254473,,,
12/6/2021,185.39,205.2184418,,,
12/7/2021,188.84,209.8086444,,,
12/8/2021,188.84,210.8483078,,,
12/9/2021,188.84,211.4813385,,,
12/10/2021,188.84,211.3987446,,,
12/11/2021,188.84,210.4920727,,,
12/12/2021,188.84,212.9546265,,,
12/13/2021,188.84,211.5742856,,,
12/14/2021,188.84,209.8310717,,,
12/15/2021,189,209.5886015,,,
12/16/2021,191.58,212.2922805,,,
12/17/2021,188.35,209.8949903,,,
12/18/2021,188.35,210.5604611,,,
12/19/2021,185.8,207.0060935,,,
12/20/2021,184.96,205.2449135,,,
12/21/2021,184.02,203.9738419,,,
12/22/2021,188.52,210.0692937,,,
12/23/2021,189.87,212.0440275,,,
12/24/2021,192.97,215.4113525,,,
12/25/2021,192.97,215.9878641,,,
12/26/2021,195.8,219.1815576,,,
12/27/2021,196.32,220.1115435,,,
12/28/2021,197.31,221.1794018,,,
12/29/2021,193.47,218.3613197,,,
12/30/2021,191.5,216.1515244,,,
12/31/2021,193.42,217.7907182,,,
1/1/2022,193.42,217.5958891,,,
1/2/2022,195.58,219.95235,,,
1/3/2022,195.81,221.4474776,,,
1/4/2022,195.41,220.7120472,,,
1/5/2022,193.03,220.5320484,,,
1/6/2022,187.39,212.7727453,,,
1/7/2022,188.16,212.0653932,,,
1/8/2022,188.16,213.6566449,,,
1/9/2022,184.92,211.2510618,,,
1/10/2022,185.51,212.3939193,,,
1/11/2022,183.53,210.8651306,,,
1/12/2022,187.33,215.4555854,,,
1/13/2022,189.95,216.7246048,,,
1/14/2022,186.76,213.4713398,,,
1/15/2022,184.67,212.1605397,,,
1/16/2022,182.69,211.1226034,,,
1/17/2022,183.38,211.4238487,,,
1/18/2022,181.55,208.2276321,,,
1/19/2022,179.8,207.5307941,,,
1/20/2022,178.59,205.402809,,,
1/21/2022,177.02,201.9111007,,,
1/22/2022,167.56,191.9345882,,,
1/23/2022,167.56,193.622828,,,
1/24/2022,169.68,195.7140084,,,
1/25/2022,168.35,194.1343559,,,
1/26/2022,167.56,194.2986141,,,
1/27/2022,166.28,193.2610311,,,
1/28/2022,164.94,191.9694113,,,
1/29/2022,165.82,192.0991691,,,
1/30/2022,167.91,197.1771591,,,
1/31/2022,167.91,197.5705157,,,
2/1/2022,167.91,197.5143711,,,
2/2/2022,167.91,199.0742259,,,
2/3/2022,165.05,198.5468175,,,
2/4/2022,162.88,195.6884358,,,
2/5/2022,162.88,193.773936,,,
2/6/2022,167.65,197.2562009,,,
2/7/2022,167.65,197.737058,,,
2/8/2022,169.22,200.3290478,,,
2/9/2022,170.54,201.5008988,,,
2/10/2022,173.14,204.3236647,,,
2/11/2022,175.74,208.1262416,,,
2/12/2022,175.74,206.7256874,,,
2/13/2022,168.96,200.4241415,,,
2/14/2022,162.25,195.6544148,,,
2/15/2022,161.54,196.5412517,,,
2/16/2022,161.95,198.2308144,,,
2/17/2022,168.16,205.3532572,,,
2/18/2022,163.09,199.2796678,,,
2/19/2022,158.42,193.6920303,,,
2/20/2022,150.84,185.3936941,,,
2/21/2022,143.16,177.4506126,,,
2/22/2022,140.63,173.9053232,,,
2/23/2022,137.8,170.6534472,,,
2/24/2022,134.97,168.3755617,,,
2/25/2022,132.07,166.9222857,,,
2/26/2022,134.07,168.1135083,,,
2/27/2022,138.73,172.1891304,,,
2/28/2022,143.39,176.0285362,,,
3/1/2022,141.44,173.1168931,,,
3/2/2022,146.87,178.8492091,,,
3/3/2022,148.01,180.8289395,,,
3/4/2022,147.53,179.921752,,,
3/5/2022,144.88,175.9865092,,,
3/6/2022,136.91,169.1176135,,,
3/7/2022,129.84,162.0863104,,,
3/8/2022,128.1,160.4201694,,,
3/9/2022,124.98,156.4191313,,,
3/10/2022,125.47,158.1896018,,,
3/11/2022,131.16,163.8629505,,,
3/12/2022,127.34,159.7538154,,,
3/13/2022,120.55,151.4167362,,,
3/14/2022,113.85,145.3247701,,,
3/15/2022,112.43,143.4057417,,,
3/16/2022,112.07,142.1112494,,,
3/17/2022,113.18,142.0539349,,,
3/18/2022,117.91,146.6675222,,,
3/19/2022,117.91,147.0071677,,,
3/20/2022,117.91,148.2588311,,,
3/21/2022,120.26,151.0723057,,,
3/22/2022,118.84,149.2516119,,,
3/23/2022,118.93,147.5631018,,,
3/24/2022,121.05,150.3029616,,,
3/25/2022,121.81,153.1643434,,,
3/26/2022,122.57,155.3467466,,,
3/27/2022,123.33,157.4116901,,,
3/28/2022,123.33,156.3125185,,,
3/29/2022,125.94,159.2946104,,,
3/30/2022,126.49,161.5946832,,,
3/31/2022,127.89,163.5040852,,,
4/1/2022,127.78,161.8188607,,,
4/2/2022,125.88,160.1211918,,,
4/3/2022,125.4,159.5084169,,,
4/4/2022,124.28,159.5549617,,,
4/5/2022,125.48,159.7693505,,,
4/6/2022,125.49,159.5756333,,,
4/7/2022,124.34,157.8082826,,,
4/8/2022,120.27,157.4312871,,,
4/9/2022,120.87,158.6984161,,,
4/10/2022,119.23,156.2548181,,,
4/11/2022,118.16,156.817217,,,
4/12/2022,117.89,156.7109027,,,
4/13/2022,116.85,155.8614879,,,
4/14/2022,117.09,157.5228086,,,
4/15/2022,117.81,157.7627555,,,
4/16/2022,117.06,156.6581052,,,
4/17/2022,116.46,157.8788084,,,
4/18/2022,115.84,158.749794,,,
4/19/2022,115.22,157.1390172,,,
4/20/2022,115.48,157.5050469,,,
4/21/2022,116.2,158.4532966,,,
4/22/2022,115.8,157.6525417,,,
4/23/2022,114.89,155.7232013,,,
4/24/2022,113.98,154.6470769,,,
4/25/2022,113.07,154.1421474,,,
4/26/2022,113.08,154.7196789,,,
4/27/2022,113.26,152.1223708,,,
4/28/2022,111.41,150.7365683,,,
4/29/2022,111.48,152.3777546,,,
4/30/2022,112.58,154.44364,,,
5/1/2022,112.17,154.8119493,,,
5/2/2022,110.7,152.400375,,,
5/3/2022,110.29,152.1958855,,,
5/4/2022,110.59,152.6174798,,,
5/5/2022,110.28,151.211745,,,
5/6/2022,111.97,153.6012205,,,
5/7/2022,109.11,152.3902492,,,
5/8/2022,105.53,148.4721281,,,
5/9/2022,101.45,143.5891695,,,
5/10/2022,100.45,141.0196647,,,
5/11/2022,94.57,133.5834776,,,
5/12/2022,95.99,134.9018577,,,
5/13/2022,92.28,131.1464406,,,
5/14/2022,98.53,136.6144513,,,
5/15/2022,104.78,141.6856333,,,
5/16/2022,112.1,147.4777187,,,
5/17/2022,114.07,148.5631211,,,
5/18/2022,110.67,145.1814352,,,
5/19/2022,114.27,148.4790484,,,
5/20/2022,105.82,140.8286512,,,
5/21/2022,107.82,142.8045897,,,
5/22/2022,108.89,146.6735572,,,
5/23/2022,110.34,145.9081211,,,
5/24/2022,111.24,147.0724281,,,
5/25/2022,110.42,145.8392775,,,
5/26/2022,110.27,145.0926338,,,
5/27/2022,110.81,144.7457272,,,
5/28/2022,114.13,149.0575859,,,
5/29/2022,120.99,157.1803001,,,
5/30/2022,128.28,161.967129,,,
5/31/2022,128.9,162.1914945,,,
6/1/2022,131.71,163.9500123,,,
6/2/2022,130.91,164.0576971,,,
6/3/2022,127.15,161.1219045,,,
6/4/2022,131.91,166.1393584,,,
6/5/2022,132.2,164.9427386,,,
6/6/2022,132.63,166.5756251,,,
6/7/2022,132.62,165.6820741,,,
6/8/2022,134.33,165.8781311,,,
6/9/2022,133.03,165.5304738,,,
6/10/2022,131.73,164.9621523,,,
6/11/2022,122.88,156.0938306,,,
6/12/2022,113.19,147.1048194,,,
6/13/2022,111.23,144.843921,,,
6/14/2022,104.97,138.7702596,,,
6/15/2022,104.38,139.4650039,,,
6/16/2022,106.08,138.9597944,,,
6/17/2022,102.41,136.1048186,,,
6/18/2022,99.3,131.9877004,,,
6/19/2022,94.35,126.7877428,,,
6/20/2022,96.38,127.7201252,,,
6/21/2022,98.41,130.1331177,,,
6/22/2022,98.79,132.207165,,,
6/23/2022,98.29,131.4353876,,,
6/24/2022,100.26,134.002879,,,
6/25/2022,103.7,136.1799799,,,
6/26/2022,107.54,139.1542921,,,
6/27/2022,106.9,138.7765329,,,
6/28/2022,106.38,137.8696564,,,
6/29/2022,104.89,135.6015535,,,
6/30/2022,104.31,133.6174501,,,
7/1/2022,103.77,134.0403556,,,
7/2/2022,102.9,132.8326581,,,
7/3/2022,102.01,130.8927013,,,
7/4/2022,102.09,131.2312571,,,
7/5/2022,103.35,133.1674585,,,
7/6/2022,104.61,133.0880651,,,
7/7/2022,105.03,132.2976268,,,
7/8/2022,106.82,133.256165,,,
7/9/2022,108.36,135.9904002,,,
7/10/2022,109.94,137.5865047,,,
7/11/2022,109.03,135.5460169,,,
7/12/2022,107.08,133.7016947,,,
7/13/2022,106.18,132.8254269,,,
7/14/2022,107.33,132.8325046,,,
7/15/2022,107.66,132.4350397,,,
7/16/2022,109.1,132.9360169,,,
7/17/2022,111.1,135.3732584,,,
7/18/2022,110.6,135.7934255,,,
7/19/2022,112.7,138.3159504,,,
7/20/2022,114.74,140.1208815,,,
7/21/2022,116.78,141.6675096,,,
7/22/2022,117.17,143.0378981,,,
7/23/2022,116.51,140.8956469,,,
7/24/2022,115.61,138.773008,,,
7/25/2022,115.75,138.8846287,,,
7/26/2022,115.89,137.6289026,,,
7/27/2022,115.14,137.2602539,,,
7/28/2022,118.57,140.791793,,,
7/29/2022,120.04,142.1671112,,,
7/30/2022,122.14,143.4051463,,,
7/31/2022,124.07,144.9419569,,,
8/1/2022,123.66,144.9758116,,,
8/2/2022,123.25,143.7949229,,,
8/3/2022,122.69,142.6380855,,,
8/4/2022,123.55,144.4240652,,,
8/5/2022,123.76,142.9137323,,,
8/6/2022,124.48,142.6996127,,,
8/7/2022,124.81,141.9681273,,,
8/8/2022,125.12,141.9855701,,,
8/9/2022,125.43,143.9847317,,,
8/10/2022,126.33,147.5465748,,,
8/11/2022,127.23,148.3597019,,,
8/12/2022,129.52,148.7518038,,,
8/13/2022,131.81,152.0523471,,,
8/14/2022,134.1,155.9218136,,,
8/15/2022,136.39,157.5165518,,,
8/16/2022,138.68,159.5237092,,,
8/17/2022,138.5,157.6709484,,,
8/18/2022,138.32,158.3041963,,,
8/19/2022,137.11,159.2341553,,,
8/20/2022,135.9,156.6237968,,,
8/21/2022,134.69,155.717373,,,
8/22/2022,131.67,153.5279416,,,
8/23/2022,132.28,153.5441014,,,
8/24/2022,130.74,154.2783231,,,
8/25/2022,130.72,155.6359437,,,
8/26/2022,130.89,156.0482276,,,
8/27/2022,131.06,155.2688091,,,
8/28/2022,131.23,155.8332404,,,
8/29/2022,131.4,158.0544711,,,
8/30/2022,131.57,157.3760951,,,
8/31/2022,131.74,157.3944265,,,
9/1/2022,131.91,157.5529502,,,
9/2/2022,132.08,156.9904001,,,
9/3/2022,132.25,156.7558485,,,
9/4/2022,132.42,156.6758659,,,
9/5/2022,132.59,158.6402328,,,
9/6/2022,132.81,158.3725448,,,
9/7/2022,133.03,157.9791213,,,
9/8/2022,134.69,160.2593658,,,
9/9/2022,134.48,161.0581721,,,
9/10/2022,137.31,164.6698471,,,
9/11/2022,140.48,167.3342795,,,
9/12/2022,140.63,166.4321578,,,
9/13/2022,141.99,168.5867186,,,
9/14/2022,137.81,165.8720408,,,
9/15/2022,138.43,167.6429358,,,
9/16/2022,137.85,166.6683125,,,
9/17/2022,137.24,166.6608865,,,
9/18/2022,137.01,165.6165406,,,
9/19/2022,136.08,164.9748688,,,
9/20/2022,136.77,167.0661458,,,
9/21/2022,135.68,165.4258034,,,
9/22/2022,134.67,164.7267138,,,
9/23/2022,133.66,163.194491,,,
9/24/2022,133.24,163.2148668,,,
9/25/2022,132.38,161.6902254,,,
9/26/2022,132.24,160.9254541,,,
9/27/2022,132.31,159.7826532,,,
9/28/2022,131.93,160.6431503,,,
9/29/2022,133.67,162.5810301,,,
9/30/2022,132.35,161.9742289,,,
10/1/2022,129.83,158.7477938,,,
10/2/2022,127.16,157.1763418,,,
10/3/2022,126.89,156.0719323,,,
10/4/2022,128.07,156.8467483,,,
10/5/2022,130.18,159.6951671,,,
10/6/2022,132.29,162.1414536,,,
10/7/2022,131.56,161.2076579,,,
10/8/2022,131.34,159.1212163,,,
10/9/2022,129.22,154.937564,,,
10/10/2022,129.27,155.5429778,,,
10/11/2022,128.28,153.980587,,,
10/12/2022,127.29,152.7660995,,,
10/13/2022,127.6,152.7181542,,,
10/14/2022,128.71,155.6164698,,,
10/15/2022,129.82,155.7456899,,,
10/16/2022,126.93,153.2244776,,,
10/17/2022,124.04,149.0820345,,,
10/18/2022,124.72,149.51138,,,
10/19/2022,126,151.769987,,,
10/20/2022,127.28,151.1152815,,,
10/21/2022,125.67,150.0773626,,,
10/22/2022,129.28,154.2140178,,,
10/23/2022,132.89,158.8562806,,,
10/24/2022,133.99,158.8775789,,,
10/25/2022,133.83,158.2837383,,,
10/26/2022,135.46,158.6140479,,,
10/27/2022,136.15,160.3943448,,,
10/28/2022,136.84,161.5650412,,,
10/29/2022,133.18,158.7344753,,,
10/30/2022,134.28,161.0532531,,,
10/31/2022,135.63,161.6921751,,,
11/1/2022,134.74,160.4808914,,,
11/2/2022,133.4,161.0700755,,,
11/3/2022,128.31,156.5360646,,,
11/4/2022,126.03,152.9384753,,,
11/5/2022,126.61,154.6536121,,,
11/6/2022,127.24,153.6971227,,,
11/7/2022,125.96,153.0404438,,,
11/8/2022,124.68,149.959508,,,
11/9/2022,123.37,148.8091709,,,
11/10/2022,116.51,142.527594,,,
11/11/2022,109.65,136.4271547,,,
11/12/2022,122.87,151.2742814,,,
11/13/2022,136.09,163.7650555,,,
11/14/2022,150.97,178.3660865,,,
11/15/2022,151.2,178.4523428,,,
11/16/2022,153.24,179.2077285,,,
11/17/2022,151.06,177.1723865,,,
11/18/2022,149.32,174.4716485,,,
11/19/2022,147.54,171.6960125,,,
11/20/2022,145.75,170.2747137,,,
11/21/2022,145.17,169.457108,,,
11/22/2022,144.15,167.2397423,,,
11/23/2022,145.01,165.3900557,,,
11/24/2022,146.06,165.5755778,,,
11/25/2022,146.02,165.398507,,,
11/26/2022,145.61,163.851317,,,
11/27/2022,145.27,161.8369191,,,
11/28/2022,145.2,160.9620307,,,
11/29/2022,144.21,160.7402555,,,
11/30/2022,144.56,161.3528612,,,
12/1/2022,144.91,161.2429908,,,
12/2/2022,147.65,163.2693403,,,
12/3/2022,147.79,164.6240908,,,
12/4/2022,148.16,163.9785532,,,
12/5/2022,148.41,163.2775163,,,
12/6/2022,147.78,160.7025723,,,
12/7/2022,147.17,158.5881565,,,
12/8/2022,146.56,157.9762276,,,
12/9/2022,145.96,157.9138184,,,
12/10/2022,146.58,157.6072744,,,
12/11/2022,147.39,158.3449659,,,
12/12/2022,147.3,159.0574105,,,
12/13/2022,147.21,159.8350562,,,
12/14/2022,148.21,160.8703829,,,
12/15/2022,148,160.1758913,,,
12/16/2022,145.59,158.0275251,,,
12/17/2022,141.99,155.2940091,,,
12/18/2022,138.66,150.9070214,,,
12/19/2022,135.33,148.6684694,,,
12/20/2022,135.39,148.3343958,,,
12/21/2022,135.83,148.3281944,,,
12/22/2022,136.41,147.6797687,,,
12/23/2022,135.5,146.8766525,,,
12/24/2022,134.59,146.5927864,,,
12/25/2022,133.69,146.2770493,,,
12/26/2022,133.66,147.7292365,,,
12/27/2022,133.75,147.9639134,,,
12/28/2022,132.95,148.7321154,,,
12/29/2022,132.15,145.2887348,,,
12/30/2022,133.4,147.2626576,,,
12/31/2022,134.67,148.8074455,,,
1/1/2023,135.94,148.7698631,,,
1/2/2023,137.21,148.6436594,,,
1/3/2023,137.65,149.0354893,,,
1/4/2023,137.68,148.2997681,,,
1/5/2023,139.03,150.0280889,,,
1/6/2023,138.75,148.5407731,,,
1/7/2023,139.25,149.1258513,,,
1/8/2023,139.78,150.0482769,,,
1/9/2023,140.16,149.6757379,,,
1/10/2023,140.54,150.2027588,,,
1/11/2023,140.92,150.197761,,,
1/12/2023,141.3,150.9403122,,,
1/13/2023,142.26,152.202573,,,
1/14/2023,144.84,153.9723336,,,
1/15/2023,148.6,158.7812047,,,
1/16/2023,148.59,157.9599087,,,
1/17/2023,148.9,156.6654801,,,
1/18/2023,148.65,157.5402052,,,
1/19/2023,147.77,156.7433836,,,
1/20/2023,147.54,156.2055611,,,
1/21/2023,147.31,155.2133505,,,
1/22/2023,150.33,159.7145475,,,
1/23/2023,150.32,159.8737288,,,
1/24/2023,151.41,162.0894803,,,
1/25/2023,151.1,161.290679,,,
1/26/2023,150.79,159.9996029,,,
1/27/2023,151.53,159.9015086,,,
1/28/2023,151.9,159.220137,,,
1/29/2023,152.21,158.8671032,,,
1/30/2023,153.07,160.7027897,,,
1/31/2023,151.42,159.3469787,,,
2/1/2023,149.77,155.8234427,,,
2/2/2023,151.1,156.3332878,,,
2/3/2023,152.19,158.5336092,,,
2/4/2023,152.86,158.341779,,,
2/5/2023,153.41,159.6908373,,,
2/6/2023,152.99,161.353272,,,
2/7/2023,152.34,161.1453416,,,
2/8/2023,153.44,161.9653079,,,
2/9/2023,154.54,162.7582113,,,
2/10/2023,153.85,162.9930411,,,
2/11/2023,152.15,161.1274684,,,
2/12/2023,149.61,158.1440545,,,
2/13/2023,147.34,156.1899402,,,
2/14/2023,145.07,153.9403547,,,
2/15/2023,145.07,154.2658449,,,
2/16/2023,145.07,154.3421225,,,
2/17/2023,145.07,155.1328414,,,
2/18/2023,144.04,155.9483703,,,
2/19/2023,143.1,155.0148301,,,
2/20/2023,142.16,155.5295459,,,
2/21/2023,141.79,156.1000573,,,
2/22/2023,140.47,154.6765378,,,
2/23/2023,140.2,153.0666899,,,
2/24/2023,139.93,152.8874458,,,
2/25/2023,137.77,149.3132029,,,
2/26/2023,135.57,148.51358,,,
2/27/2023,136.02,148.8524871,,,
2/28/2023,136.26,149.7265756,,,
3/1/2023,136.5,149.8782387,,,
3/2/2023,136.33,150.9637935,,,
3/3/2023,136.35,149.6385246,,,
3/4/2023,136.84,149.7671929,,,
3/5/2023,137.27,150.0764897,,,
3/6/2023,137.34,149.9006227,,,
3/7/2023,137.41,151.7198621,,,
3/8/2023,137.18,151.3433266,,,
3/9/2023,136.88,152.4099721,,,
3/10/2023,134.44,150.4545876,,,
3/11/2023,132,148.5834952,,,
3/12/2023,128.71,145.0958312,,,
3/13/2023,125.76,143.9673492,,,
3/14/2023,126.84,145.8727704,,,
3/15/2023,125.56,142.552991,,,
3/16/2023,124.28,140.4654523,,,
3/17/2023,124.78,141.5159332,,,
3/18/2023,125.28,141.747259,,,
3/19/2023,127.11,143.515369,,,
3/20/2023,128.94,144.804994,,,
3/21/2023,128.67,146.208268,,,
3/22/2023,129.69,145.521175,,,
3/23/2023,127.95,145.543714,,,
3/24/2023,130.08,146.9831391,,,
3/25/2023,132.21,150.0985016,,,
3/26/2023,133.52,151.7590069,,,
3/27/2023,134.82,153.8463065,,,
3/28/2023,135.37,154.9718371,,,
3/29/2023,134.25,153.307043,,,
3/30/2023,136.13,155.0556705,,,
3/31/2023,136.49,154.5639328,,,
4/1/2023,136.85,155.0052407,,,
4/2/2023,138.27,155.8401045,,,
4/3/2023,139.69,159.170139,,,
4/4/2023,139.42,158.9201364,,,
4/5/2023,139.78,158.1430866,,,
4/6/2023,139.32,158.993661,,,
4/7/2023,138.86,159.3343656,,,
4/8/2023,138.66,158.1884296,,,
4/9/2023,138.47,155.9567309,,,
4/10/2023,138.85,158.084497,,,
4/11/2023,139.23,158.7399168,,,
4/12/2023,140.41,159.9545346,,,
4/13/2023,139.73,159.511143,,,
4/14/2023,141.33,162.5252308,,,
4/15/2023,142.93,166.0135233,,,
4/16/2023,144.23,168.1143738,,,
4/17/2023,144.41,167.4962049,,,
4/18/2023,143.4,165.6311061,,,
4/19/2023,144.42,166.3568698,,,
4/20/2023,142.17,164.4201721,,,
4/21/2023,140.86,161.9182714,,,
4/22/2023,138.8,158.3050613,,,
4/23/2023,137.44,158.0006132,,,
4/24/2023,136.08,157.2104771,,,
4/25/2023,136,158.0893508,,,
4/26/2023,135.84,159.0332518,,,
4/27/2023,135.88,160.7623339,,,
4/28/2023,137.71,161.5836045,,,
4/29/2023,139.79,163.6154878,,,
4/30/2023,141.75,165.5427177,,,
5/1/2023,143.71,169.8768826,,,
5/2/2023,143.81,170.6912993,,,
5/3/2023,142.29,170.9883765,,,
5/4/2023,142.13,170.2334901,,,
5/5/2023,142.53,170.8052581,,,
5/6/2023,142.67,170.2195102,,,
5/7/2023,144.67,172.9596332,,,
5/8/2023,144.23,171.9621049,,,
5/9/2023,143.79,171.0760885,,,
5/10/2023,143.33,169.8529087,,,
5/11/2023,143.15,169.8494108,,,
5/12/2023,143.62,171.0674018,,,
5/13/2023,143.25,171.8462213,,,
5/14/2023,142.49,171.8120955,,,
5/15/2023,142.59,171.9110623,,,
5/16/2023,142.69,172.423181,,,
5/17/2023,142.79,171.0934154,,,
5/18/2023,142.89,173.1556665,,,
5/19/2023,143.38,171.7586401,,,
5/20/2023,144.2,173.6388902,,,
5/21/2023,144.85,173.9606199,,,
5/22/2023,144.59,172.9557014,,,
5/23/2023,144.62,173.956718,,,
5/24/2023,144.65,173.9227385,,,
5/25/2023,144.17,172.690038,,,
5/26/2023,143.52,170.7346129,,,
5/27/2023,144.76,172.0294012,,,
5/28/2023,146,173.0740699,,,
5/29/2023,147.35,173.8845739,,,
5/30/2023,148.18,176.3952747,,,
5/31/2023,147.99,175.5958304,,,
6/1/2023,148.61,176.1728611,,,
6/2/2023,147.95,176.2745818,,,
6/3/2023,147.29,176.0048383,,,
6/4/2023,148.31,178.0166068,,,
6/5/2023,149.21,179.5393461,,,
6/6/2023,149.26,180.5558833,,,
6/7/2023,150.54,181.6682214,,,
6/8/2023,151.82,181.3208295,,,
6/9/2023,152.81,182.9069792,,,
6/10/2023,153.8,183.4714251,,,
6/11/2023,154.46,182.9386804,,,
6/12/2023,154.5,182.5830803,,,
6/13/2023,155.52,183.8044313,,,
6/14/2023,156.29,184.5429465,,,
6/15/2023,156.09,185.3200929,,,
6/16/2023,155.89,185.8178879,,,
6/17/2023,156.95,186.6466127,,,
6/18/2023,158.16,187.7458296,,,
6/19/2023,159.37,188.3763725,,,
6/20/2023,159.65,189.3858186,,,
6/21/2023,160.28,189.1071401,,,
6/22/2023,161.02,190.6922866,,,
6/23/2023,160.68,186.7615832,,,
6/24/2023,161.02,186.3991278,,,
6/25/2023,161.17,187.8651531,,,
6/26/2023,161.11,188.7237973,,,
6/27/2023,160.71,187.1938404,,,
6/28/2023,161.91,188.0419249,,,
6/29/2023,161.9,189.2576194,,,
6/30/2023,162.2,189.8567966,,,
7/1/2023,162.5,189.5670707,,,
7/2/2023,162.8,190.9211621,,,
7/3/2023,164,192.9453877,,,
7/4/2023,164.02,192.6317891,,,
7/5/2023,165.03,194.2366995,,,
7/6/2023,164.69,194.1694451,,,
7/7/2023,164.33,193.223872,,,
7/8/2023,162.52,192.8840993,,,
7/9/2023,161.29,191.6302595,,,
7/10/2023,160.01,189.6075664,,,
7/11/2023,159.91,189.1896573,,,
7/12/2023,160.49,190.9993064,,,
7/13/2023,161.38,190.6562304,,,
7/14/2023,161.76,189.9140039,,,
7/15/2023,163.3,192.3136804,,,
7/16/2023,163.24,190.85381,,,
7/17/2023,163.13,192.5626624,,,
7/18/2023,163.63,191.3711511,,,
7/19/2023,164.13,191.0219736,,,
7/20/2023,164.27,192.1851745,,,
7/21/2023,164.41,192.366462,,,
7/22/2023,163.67,192.2482739,,,
7/23/2023,163.05,191.3639206,,,
7/24/2023,162.32,190.7611772,,,
7/25/2023,162.55,189.5273984,,,
7/26/2023,162.03,189.1352514,,,
7/27/2023,162.15,190.031492,,,
7/28/2023,162.12,191.044807,,,
7/29/2023,161.47,190.309337,,,
7/30/2023,162.13,191.4671864,,,
7/31/2023,162.82,191.1984499,,,
8/1/2023,162.76,191.4367461,,,
8/2/2023,162.7,190.5853185,,,
8/3/2023,161.24,189.6783933,,,
8/4/2023,159.78,189.0494951,,,
8/5/2023,159.55,188.3070665,,,
8/6/2023,158.98,187.3164395,,,
8/7/2023,158.98,187.0577696,,,
8/8/2023,158.98,186.7693984,,,
8/9/2023,159.37,186.8533245,,,
8/10/2023,158.29,186.802606,,,
8/11/2023,158.13,185.3115138,,,
8/12/2023,157.51,183.898072,,,
8/13/2023,156.89,182.8933861,,,
8/14/2023,156.28,182.2658521,,,
8/15/2023,156.17,182.4164472,,,
8/16/2023,156.6,182.4543743,,,
8/17/2023,155.41,183.2195269,,,
8/18/2023,153.24,181.6315526,,,
8/19/2023,150.32,177.6457816,,,
8/20/2023,147.41,174.4585117,,,
8/21/2023,147.48,174.6183929,,,
8/22/2023,147.74,174.8553441,,,
8/23/2023,148,174.6306565,,,
8/24/2023,147.57,174.4693359,,,
8/25/2023,148.6,177.2575583,,,
8/26/2023,147.46,175.0842154,,,
8/27/2023,146.22,172.0601989,,,
8/28/2023,144.89,170.7103063,,,
8/29/2023,144.97,170.69805,,,
8/30/2023,145.3,171.2074958,,,
8/31/2023,147.73,173.4045876,,,
9/1/2023,148.08,174.1056038,,,
9/2/2023,146.94,174.3491769,,,
9/3/2023,145.8,172.4747256,,,
9/4/2023,144.61,171.3810309,,,
9/5/2023,144.69,171.5426314,,,
9/6/2023,143.96,171.9312589,,,
9/7/2023,143.23,169.6403453,,,
9/8/2023,142.6,168.8003148,,,
9/9/2023,142.32,169.17769,,,
9/10/2023,141.47,168.8502674,,,
9/11/2023,140.58,168.8378955,,,
9/12/2023,140.5,168.0112039,,,
9/13/2023,140.8,170.5200202,,,
9/14/2023,141.03,170.5232398,,,
9/15/2023,141.26,172.3278655,,,
9/16/2023,141.81,173.4397119,,,
9/17/2023,141.4,171.8908823,,,
9/18/2023,140.94,173.1973233,,,
9/19/2023,140.91,173.5657777,,,
9/20/2023,140.75,173.6729268,,,
9/21/2023,141.08,175.1186714,,,
9/22/2023,139.89,173.485685,,,
9/23/2023,137.38,170.9872442,,,
9/24/2023,134.63,168.0269738,,,
9/25/2023,131.83,167.9685184,,,
9/26/2023,131.51,168.478374,,,
9/27/2023,132.07,168.9299762,,,
9/28/2023,132.82,170.2473125,,,
9/29/2023,133.57,170.1008983,,,
9/30/2023,135.34,171.5928103,,,
10/1/2023,136.82,173.2009035,,,
10/2/2023,138.3,175.6065885,,,
10/3/2023,139.21,177.4347612,,,
10/4/2023,137.91,176.7771851,,,
10/5/2023,135.91,173.9157685,,,
10/6/2023,137.03,174.7921188,,,
10/7/2023,136.61,176.2560321,,,
10/8/2023,136.19,176.8122129,,,
10/9/2023,137.7,177.7218512,,,
10/10/2023,137.54,177.2751407,,,
10/11/2023,137.12,175.5529026,,,
10/12/2023,137.97,175.45567,,,
10/13/2023,137.96,176.6888105,,,
10/14/2023,136.88,173.3440136,,,
10/15/2023,134.61,170.8547543,,,
10/16/2023,134.9,172.7762603,,,
10/17/2023,135.19,173.2088169,,,
10/18/2023,137.2,175.2239754,,,
10/19/2023,137.22,175.7729613,,,
10/20/2023,135.64,173.712537,,,
10/21/2023,134.98,172.8127956,,,
10/22/2023,133.9,171.9449132,,,
10/23/2023,132.99,170.6359165,,,
10/24/2023,133.09,172.2772882,,,
10/25/2023,135.75,175.8268357,,,
10/26/2023,137.55,177.4490706,,,
10/27/2023,136.46,176.7452569,,,
10/28/2023,134.99,175.7054127,,,
10/29/2023,132.93,172.9779946,,,
10/30/2023,130.99,171.4008653,,,
10/31/2023,131.22,171.0734915,,,
11/1/2023,131.78,171.2885634,,,
11/2/2023,132.34,172.7146694,,,
11/3/2023,132.05,173.3846408,,,
11/4/2023,133.62,175.1507435,,,
11/5/2023,135.61,178.8162707,,,
11/6/2023,137.85,179.3336631,,,
11/7/2023,137.82,178.8573095,,,
11/8/2023,137.12,177.0619855,,,
11/9/2023,137.74,177.9363441,,,
11/10/2023,137.25,177.4221575,,,
11/11/2023,138.18,179.2928691,,,
11/12/2023,140.08,181.8237381,,,
11/13/2023,141.77,181.7274273,,,
11/14/2023,141.74,181.6142789,,,
11/15/2023,141.27,181.0637633,,,
11/16/2023,142.39,183.8095205,,,
11/17/2023,143.51,187.1244578,,,
11/18/2023,141.82,184.0101965,,,
11/19/2023,140.82,182.7389166,,,
11/20/2023,139.74,181.5896269,,,
11/21/2023,140.36,181.1086549,,,
11/22/2023,141.53,182.2436155,,,
11/23/2023,139.4,180.6846866,,,
11/24/2023,141.2,181.2195267,,,
11/25/2023,141.13,181.8562403,,,
11/26/2023,141.54,182.438246,,,
11/27/2023,141.95,184.1249005,,,
11/28/2023,141.65,182.4237174,,,
11/29/2023,141.66,183.9092244,,,
11/30/2023,141.67,185.2239491,,,
12/1/2023,141.7,185.7967663,,,
12/2/2023,141.73,185.7622915,,,
12/3/2023,141.76,187.0298113,,,
12/4/2023,141.79,188.6699439,,,
